Customer_ID,Purchase_Date,Model,Region,Age,Gender,Customer_Type,Satisfaction_Score,Repeat_Purchase
10001,2024-01-11,BMW X7,Busan,64,F,Corporate,8,No
10002,2024-12-11,BMW X7,Incheon,36,F,Individual,8,No
10003,2024-04-20,BMW i7,Daegu,67,F,Corporate,4,No
10004,2024-05-12,BMW i7,Daejeon,32,M,Corporate,1,No
10005,2024-02-20,BMW X5,Gwangju,64,M,Corporate,7,Yes
10006,2024-04-10,BMW X5,Busan,70,F,Corporate,7,No
10007,2024-11-14,BMW X7,Ulsan,64,M,Individual,9,No
10008,2024-07-20,BMW X3,Seoul,50,M,Individual,4,No
10009,2024-03-15,BMW X7,Busan,31,F,Individual,2,No
10010,2024-05-07,BMW 530i,Incheon,68,M,Individual,6,Yes
10011,2024-06-28,BMW X7,Daejeon,48,M,Individual,6,Yes
10012,2024-02-18,BMW M440i,Seoul,44,M,Individual,4,No
10013,2024-03-03,BMW X5,Gyeonggi,73,M,Individual,7,No
10014,2024-07-29,BMW X7,Gyeonggi,54,M,Individual,8,No
10015,2024-09-13,BMW X7,Incheon,71,F,Corporate,6,No
10016,2024-04-23,BMW X7,Gwangju,28,M,Corporate,7,No
10017,2024-10-14,BMW 330i,Busan,43,F,Corporate,1,Yes
10018,2024-10-14,BMW 330i,Ulsan,53,F,Individual,9,Yes
10019,2024-09-11,BMW X5,Gyeonggi,71,M,Individual,3,No
10020,2024-09-20,BMW 330i,Incheon,56,F,Corporate,8,No
10021,2024-06-13,BMW X7,Daejeon,38,M,Individual,2,Yes
10022,2024-09-19,BMW 320i,Ulsan,45,M,Corporate,3,No
10023,2024-07-06,BMW 330i,Busan,25,M,Individual,4,No
10024,2024-07-13,BMW M440i,Ulsan,36,F,Individual,5,No
10025,2024-08-09,BMW 320i,Busan,68,M,Corporate,10,No
10026,2024-10-06,BMW 320i,Busan,54,F,Individual,7,No
10027,2024-07-27,BMW 330i,Incheon,41,F,Individual,8,No
10028,2024-10-07,BMW M440i,Seoul,46,M,Corporate,4,Yes
10029,2024-01-29,BMW X5,Busan,47,M,Individual,6,No
10030,2024-12-06,BMW 330i,Daegu,65,F,Corporate,1,No
10031,2024-03-16,BMW M440i,Daejeon,66,F,Individual,9,Yes
10032,2024-08-06,BMW i7,Busan,36,M,Individual,5,Yes
10033,2024-06-21,BMW 320i,Busan,45,F,Corporate,10,No
10034,2024-05-09,BMW X3,Gwangju,67,M,Individual,5,No
10035,2024-10-08,BMW X5,Daejeon,35,F,Individual,4,No
10036,2024-10-21,BMW i7,Incheon,58,M,Individual,8,No
10037,2024-03-09,BMW i7,Seoul,60,M,Corporate,3,No
10038,2024-12-02,BMW X7,Incheon,69,M,Corporate,9,No
10039,2024-03-13,BMW 320i,Gyeonggi,41,M,Individual,8,No
10040,2024-02-08,BMW 530i,Incheon,74,M,Corporate,3,Yes
10041,2024-12-19,BMW X3,Incheon,61,F,Individual,1,Yes
10042,2024-11-25,BMW 320i,Ulsan,73,M,Corporate,8,No
10043,2024-05-28,BMW 320i,Ulsan,61,F,Corporate,6,No
10044,2024-03-29,BMW X3,Ulsan,50,M,Individual,10,Yes
10045,2024-09-22,BMW i7,Ulsan,41,M,Corporate,5,No
10046,2024-09-26,BMW M440i,Daejeon,31,M,Individual,8,No
10047,2024-08-02,BMW X5,Busan,55,F,Corporate,7,No
10048,2024-04-12,BMW 320i,Gwangju,55,F,Individual,2,No
10049,2024-06-19,BMW i7,Busan,47,F,Individual,8,No
10050,2024-12-14,BMW X7,Seoul,37,F,Individual,10,No
10051,2024-11-06,BMW 530i,Busan,58,F,Individual,7,Yes
10052,2024-09-30,BMW i7,Gyeonggi,59,M,Individual,4,Yes
10053,2024-11-13,BMW X5,Daegu,40,F,Corporate,9,No
10054,2024-12-24,BMW X3,Daejeon,25,F,Individual,3,No
10055,2024-06-06,BMW 330i,Daegu,42,F,Individual,9,Yes
10056,2024-03-13,BMW M440i,Seoul,48,F,Corporate,10,No
10057,2024-07-16,BMW M440i,Gyeonggi,70,F,Individual,2,Yes
10058,2024-02-21,BMW X3,Incheon,32,F,Individual,6,No
10059,2024-11-25,BMW 530i,Busan,50,M,Individual,10,No
10060,2024-09-18,BMW X5,Daejeon,71,M,Individual,9,No
10061,2024-08-28,BMW X5,Incheon,66,M,Corporate,2,No
10062,2024-08-03,BMW 530i,Gyeonggi,59,F,Individual,8,No
10063,2024-03-29,BMW 320i,Daegu,38,M,Corporate,9,No
10064,2024-05-02,BMW X3,Daejeon,33,M,Individual,2,No
10065,2024-01-09,BMW M440i,Gyeonggi,49,M,Individual,2,No
10066,2024-02-07,BMW i7,Incheon,29,F,Corporate,2,Yes
10067,2024-11-11,BMW i7,Daejeon,52,M,Individual,1,Yes
10068,2024-10-27,BMW i7,Gwangju,53,M,Corporate,3,No
10069,2024-12-19,BMW i7,Incheon,37,M,Individual,6,No
10070,2024-12-01,BMW i7,Daegu,57,M,Individual,9,No
10071,2024-02-14,BMW 320i,Daejeon,66,F,Individual,6,Yes
10072,2024-05-12,BMW 530i,Daejeon,55,M,Corporate,10,No
10073,2024-06-06,BMW M440i,Ulsan,42,F,Corporate,7,Yes
10074,2024-01-13,BMW X7,Incheon,73,M,Individual,8,Yes
10075,2024-07-06,BMW i7,Gyeonggi,69,M,Corporate,6,Yes
10076,2024-03-14,BMW 320i,Gyeonggi,58,M,Corporate,5,Yes
10077,2024-07-14,BMW X3,Gyeonggi,60,F,Corporate,1,No
10078,2024-07-11,BMW X7,Busan,42,F,Corporate,4,No
10079,2024-01-07,BMW X5,Incheon,57,F,Individual,3,Yes
10080,2024-01-26,BMW 330i,Gwangju,58,M,Corporate,1,Yes
10081,2024-02-08,BMW M440i,Ulsan,53,M,Individual,4,No
10082,2024-06-23,BMW X7,Daegu,46,M,Individual,3,No
10083,2024-08-23,BMW i7,Daegu,53,M,Individual,5,No
10084,2024-09-18,BMW 530i,Seoul,29,M,Individual,1,No
10085,2024-01-15,BMW 330i,Daejeon,59,F,Individual,9,No
10086,2024-09-30,BMW M440i,Daegu,40,M,Corporate,9,No
10087,2024-11-04,BMW i7,Ulsan,51,F,Corporate,4,Yes
10088,2024-12-14,BMW i7,Daegu,48,F,Corporate,3,Yes
10089,2024-01-15,BMW 320i,Gwangju,38,M,Individual,4,No
10090,2024-06-14,BMW i7,Seoul,46,F,Individual,5,No
10091,2024-03-12,BMW 530i,Gyeonggi,37,M,Corporate,5,Yes
10092,2024-11-15,BMW 330i,Gwangju,71,M,Corporate,9,No
10093,2024-04-11,BMW 320i,Gyeonggi,35,F,Individual,8,Yes
10094,2024-03-16,BMW 320i,Gwangju,56,M,Corporate,6,No
10095,2024-05-27,BMW 320i,Busan,64,F,Corporate,1,No
10096,2024-10-15,BMW 320i,Daejeon,54,M,Individual,4,No
10097,2024-04-12,BMW 330i,Gwangju,63,F,Corporate,10,No
10098,2024-04-15,BMW M440i,Daegu,73,F,Individual,3,No
10099,2024-01-09,BMW X7,Seoul,63,M,Corporate,9,No
10100,2024-09-20,BMW i7,Busan,52,F,Corporate,7,No
10101,2024-07-26,BMW X3,Gwangju,46,F,Individual,3,Yes
10102,2024-07-06,BMW 330i,Gwangju,35,F,Corporate,7,No
10103,2024-01-25,BMW X5,Incheon,43,M,Corporate,4,No
10104,2024-08-08,BMW M440i,Daejeon,56,M,Corporate,2,Yes
10105,2024-07-29,BMW X7,Daejeon,56,F,Individual,3,Yes
10106,2024-08-30,BMW 530i,Daejeon,53,F,Individual,1,No
10107,2024-10-31,BMW X7,Daejeon,55,F,Individual,8,No
10108,2024-01-04,BMW X3,Daegu,44,F,Corporate,2,No
10109,2024-04-05,BMW 320i,Daegu,58,F,Corporate,2,No
10110,2024-09-18,BMW M440i,Busan,36,M,Individual,2,No
10111,2024-08-12,BMW 530i,Busan,32,F,Corporate,7,No
10112,2024-01-14,BMW X7,Busan,61,M,Corporate,9,Yes
10113,2024-11-11,BMW X5,Ulsan,38,F,Individual,9,No
10114,2024-08-18,BMW X7,Seoul,49,M,Corporate,2,No
10115,2024-09-17,BMW M440i,Seoul,64,F,Corporate,4,No
10116,2024-10-29,BMW M440i,Incheon,34,M,Corporate,10,No
10117,2024-11-27,BMW X7,Seoul,25,M,Corporate,8,No
10118,2024-01-01,BMW 320i,Gyeonggi,44,F,Individual,5,No
10119,2024-07-22,BMW X5,Seoul,73,F,Corporate,8,No
10120,2024-07-25,BMW X7,Daegu,44,F,Corporate,2,Yes
10121,2024-10-19,BMW X3,Busan,53,M,Individual,3,No
10122,2024-09-01,BMW 530i,Daejeon,57,M,Individual,10,No
10123,2024-08-29,BMW i7,Incheon,67,F,Corporate,9,No
10124,2024-07-03,BMW M440i,Ulsan,71,M,Corporate,7,No
10125,2024-12-05,BMW M440i,Gyeonggi,69,F,Corporate,2,Yes
10126,2024-01-08,BMW 330i,Daejeon,25,M,Corporate,6,No
10127,2024-03-26,BMW M440i,Busan,25,M,Individual,10,No
10128,2024-04-23,BMW 330i,Seoul,50,F,Individual,8,No
10129,2024-11-23,BMW 320i,Gwangju,28,M,Individual,3,No
10130,2024-05-21,BMW X5,Gyeonggi,29,M,Corporate,2,No
10131,2024-03-03,BMW 320i,Seoul,65,M,Corporate,9,Yes
10132,2024-06-07,BMW 320i,Incheon,28,F,Individual,6,No
10133,2024-04-11,BMW 530i,Gwangju,58,F,Individual,9,No
10134,2024-12-30,BMW 530i,Seoul,48,F,Corporate,7,Yes
10135,2024-05-22,BMW 320i,Daegu,31,M,Individual,3,No
10136,2024-10-31,BMW i7,Seoul,59,F,Corporate,10,No
10137,2024-04-19,BMW X7,Busan,26,F,Individual,3,No
10138,2024-11-23,BMW i7,Busan,30,F,Individual,10,Yes
10139,2024-05-12,BMW 330i,Gyeonggi,61,M,Corporate,4,No
10140,2024-12-08,BMW X7,Gwangju,74,F,Individual,5,Yes
10141,2024-12-01,BMW M440i,Daejeon,39,M,Corporate,3,Yes
10142,2024-10-03,BMW X5,Gwangju,43,F,Corporate,4,Yes
10143,2024-02-21,BMW X7,Incheon,53,M,Corporate,3,No
10144,2024-04-15,BMW X3,Gwangju,42,F,Individual,4,No
10145,2024-12-15,BMW 530i,Ulsan,55,F,Corporate,7,No
10146,2024-03-11,BMW M440i,Gyeonggi,73,F,Individual,10,No
10147,2024-03-24,BMW X3,Gwangju,31,F,Individual,8,No
10148,2024-02-16,BMW 530i,Daejeon,46,F,Individual,6,No
10149,2024-01-26,BMW 320i,Ulsan,34,F,Corporate,9,No
10150,2024-03-12,BMW i7,Gyeonggi,73,F,Individual,5,No
10151,2024-05-31,BMW 530i,Daegu,63,F,Individual,2,No
10152,2024-08-29,BMW X5,Ulsan,73,M,Corporate,2,No
10153,2024-05-28,BMW 320i,Gwangju,72,M,Individual,3,No
10154,2024-06-08,BMW 530i,Busan,33,F,Individual,9,No
10155,2024-09-14,BMW i7,Incheon,31,M,Corporate,3,No
10156,2024-05-04,BMW M440i,Seoul,73,M,Individual,8,Yes
10157,2024-01-19,BMW X3,Busan,62,F,Corporate,7,No
10158,2024-02-05,BMW i7,Daejeon,57,F,Individual,9,No
10159,2024-03-10,BMW 320i,Ulsan,28,M,Individual,2,No
10160,2024-01-27,BMW i7,Daejeon,32,F,Corporate,2,No
10161,2024-10-26,BMW X5,Busan,27,F,Corporate,2,No
10162,2024-09-14,BMW X7,Seoul,59,F,Individual,4,Yes
10163,2024-10-26,BMW 330i,Daegu,29,M,Individual,9,Yes
10164,2024-04-15,BMW X7,Gwangju,40,F,Individual,8,No
10165,2024-05-23,BMW X7,Daejeon,47,F,Individual,8,Yes
10166,2024-12-25,BMW i7,Daegu,25,M,Corporate,5,Yes
10167,2024-08-18,BMW i7,Seoul,40,F,Corporate,4,No
10168,2024-05-21,BMW X3,Seoul,47,F,Individual,2,No
10169,2024-09-14,BMW 530i,Seoul,33,M,Individual,3,No
10170,2024-06-02,BMW X3,Busan,30,M,Corporate,6,No
10171,2024-08-31,BMW 330i,Daegu,71,M,Corporate,6,No
10172,2024-10-17,BMW X7,Gyeonggi,66,F,Corporate,6,Yes
10173,2024-01-07,BMW X3,Gwangju,33,M,Individual,3,Yes
10174,2024-05-09,BMW 530i,Busan,38,F,Corporate,10,No
10175,2024-10-07,BMW X5,Gwangju,57,F,Individual,1,No
10176,2024-11-05,BMW X7,Daejeon,27,M,Individual,6,Yes
10177,2024-04-26,BMW 330i,Gyeonggi,45,F,Corporate,9,Yes
10178,2024-06-21,BMW X3,Daegu,56,F,Corporate,4,No
10179,2024-11-11,BMW M440i,Gwangju,56,M,Individual,2,No
10180,2024-10-13,BMW 530i,Daejeon,43,F,Corporate,9,Yes
10181,2024-09-23,BMW 330i,Daejeon,55,F,Individual,9,No
10182,2024-04-08,BMW X5,Seoul,52,F,Corporate,3,Yes
10183,2024-09-08,BMW 320i,Daegu,28,M,Corporate,1,Yes
10184,2024-11-03,BMW X5,Daegu,60,F,Corporate,7,No
10185,2024-04-25,BMW M440i,Gwangju,59,M,Individual,6,No
10186,2024-08-16,BMW X5,Gwangju,29,F,Individual,2,Yes
10187,2024-09-02,BMW X7,Ulsan,45,F,Individual,10,Yes
10188,2024-03-05,BMW X5,Daejeon,50,F,Individual,5,Yes
10189,2024-06-21,BMW i7,Daegu,41,M,Individual,5,No
10190,2024-07-01,BMW X5,Busan,28,F,Corporate,2,No
10191,2024-08-20,BMW X5,Daegu,53,F,Corporate,5,No
10192,2024-04-22,BMW 320i,Gyeonggi,41,F,Individual,9,No
10193,2024-02-29,BMW i7,Daejeon,57,F,Corporate,10,Yes
10194,2024-08-19,BMW X5,Daegu,35,M,Corporate,8,No
10195,2024-07-18,BMW 320i,Ulsan,41,F,Individual,8,No
10196,2024-03-09,BMW i7,Daegu,25,M,Individual,8,Yes
10197,2024-03-27,BMW 530i,Seoul,69,M,Corporate,3,Yes
10198,2024-05-12,BMW X3,Daejeon,64,F,Individual,4,No
10199,2024-07-29,BMW M440i,Incheon,52,M,Individual,10,Yes
10200,2024-12-15,BMW X7,Gyeonggi,32,F,Corporate,6,Yes
10201,2024-08-07,BMW 320i,Ulsan,32,F,Corporate,9,No
10202,2024-02-18,BMW X3,Gwangju,28,F,Individual,9,No
10203,2024-04-28,BMW X7,Ulsan,74,F,Individual,4,Yes
10204,2024-09-14,BMW X7,Daejeon,56,M,Corporate,2,Yes
10205,2024-09-27,BMW 320i,Gyeonggi,42,M,Individual,9,No
10206,2024-11-29,BMW X3,Busan,49,F,Corporate,4,Yes
10207,2024-07-31,BMW X3,Gyeonggi,70,M,Corporate,5,Yes
10208,2024-02-01,BMW X7,Ulsan,63,M,Corporate,9,No
10209,2024-05-28,BMW X5,Gwangju,45,F,Corporate,8,No
10210,2024-05-30,BMW X3,Gyeonggi,35,F,Corporate,6,No
10211,2024-01-22,BMW X3,Daejeon,37,F,Corporate,5,No
10212,2024-10-09,BMW 330i,Ulsan,39,M,Individual,8,No
10213,2024-10-04,BMW 530i,Daejeon,57,F,Individual,6,No
10214,2024-01-30,BMW M440i,Daegu,71,M,Corporate,5,Yes
10215,2024-12-27,BMW 330i,Gyeonggi,32,M,Corporate,5,No
10216,2024-04-13,BMW 530i,Gyeonggi,66,F,Individual,9,No
10217,2024-10-28,BMW M440i,Incheon,51,F,Individual,9,No
10218,2024-03-26,BMW 330i,Busan,36,M,Corporate,9,No
10219,2024-01-20,BMW 530i,Gyeonggi,55,M,Corporate,8,No
10220,2024-07-04,BMW X3,Ulsan,28,F,Corporate,8,Yes
10221,2024-06-02,BMW X5,Gwangju,45,F,Corporate,7,Yes
10222,2024-02-07,BMW X7,Daegu,69,F,Individual,7,No
10223,2024-08-08,BMW X7,Incheon,48,M,Corporate,10,No
10224,2024-09-10,BMW i7,Busan,54,F,Individual,3,No
10225,2024-07-29,BMW X7,Gyeonggi,69,F,Corporate,10,No
10226,2024-12-21,BMW i7,Incheon,72,M,Corporate,7,No
10227,2024-05-25,BMW M440i,Daegu,73,M,Corporate,9,No
10228,2024-10-27,BMW 320i,Seoul,30,F,Corporate,6,No
10229,2024-05-03,BMW 530i,Ulsan,33,F,Corporate,5,Yes
10230,2024-03-01,BMW 330i,Busan,27,M,Individual,1,No
10231,2024-04-27,BMW X5,Gwangju,41,M,Individual,3,No
10232,2024-02-04,BMW X7,Busan,29,M,Corporate,5,No
10233,2024-03-14,BMW i7,Daejeon,60,F,Corporate,4,Yes
10234,2024-10-21,BMW 330i,Incheon,25,F,Individual,4,No
10235,2024-06-30,BMW X7,Daegu,68,F,Individual,4,No
10236,2024-02-05,BMW X5,Gwangju,48,F,Corporate,6,Yes
10237,2024-06-11,BMW M440i,Daegu,38,F,Corporate,6,No
10238,2024-08-04,BMW X5,Gwangju,68,M,Individual,4,Yes
10239,2024-03-24,BMW 330i,Busan,67,M,Individual,4,No
10240,2024-01-07,BMW X7,Ulsan,39,F,Corporate,8,No
10241,2024-05-22,BMW i7,Ulsan,45,F,Corporate,8,Yes
10242,2024-11-08,BMW X5,Busan,45,F,Individual,3,No
10243,2024-10-31,BMW 530i,Incheon,49,M,Corporate,9,Yes
10244,2024-06-09,BMW 330i,Daejeon,28,M,Corporate,9,No
10245,2024-10-15,BMW 320i,Gyeonggi,58,F,Corporate,9,No
10246,2024-06-25,BMW 320i,Busan,30,F,Corporate,2,No
10247,2024-12-06,BMW X5,Busan,46,F,Individual,2,Yes
10248,2024-05-23,BMW i7,Incheon,63,F,Corporate,8,No
10249,2024-10-20,BMW X3,Incheon,34,M,Corporate,3,No
10250,2024-02-01,BMW M440i,Daejeon,44,F,Individual,4,No
10251,2024-08-01,BMW M440i,Gyeonggi,64,M,Individual,6,Yes
10252,2024-09-26,BMW 530i,Daejeon,65,F,Corporate,10,No
10253,2024-03-06,BMW 320i,Gyeonggi,27,F,Corporate,1,No
10254,2024-08-14,BMW X7,Ulsan,47,M,Individual,2,Yes
10255,2024-07-15,BMW 530i,Incheon,36,F,Corporate,8,No
10256,2024-10-23,BMW X3,Daejeon,45,F,Individual,9,No
10257,2024-08-25,BMW i7,Busan,66,F,Corporate,6,No
10258,2024-09-19,BMW i7,Incheon,69,M,Individual,2,Yes
10259,2024-08-07,BMW 320i,Ulsan,32,M,Corporate,5,No
10260,2024-09-02,BMW 530i,Gyeonggi,33,F,Individual,7,No
10261,2024-03-03,BMW X5,Ulsan,45,F,Individual,2,Yes
10262,2024-04-11,BMW 330i,Ulsan,51,M,Individual,3,No
10263,2024-10-07,BMW X3,Busan,50,F,Corporate,5,No
10264,2024-09-21,BMW X3,Gwangju,74,F,Individual,9,No
10265,2024-12-29,BMW X3,Seoul,45,F,Corporate,6,No
10266,2024-10-12,BMW 330i,Gyeonggi,45,F,Corporate,10,Yes
10267,2024-06-11,BMW X3,Busan,65,M,Individual,2,No
10268,2024-10-05,BMW i7,Gyeonggi,46,M,Individual,3,Yes
10269,2024-09-28,BMW 330i,Busan,59,F,Corporate,7,Yes
10270,2024-05-27,BMW X3,Seoul,32,M,Individual,3,No
10271,2024-10-29,BMW X7,Ulsan,45,M,Individual,5,No
10272,2024-05-21,BMW X3,Daegu,41,M,Individual,3,Yes
10273,2024-07-25,BMW 330i,Incheon,57,F,Individual,7,Yes
10274,2024-12-19,BMW i7,Gwangju,62,F,Corporate,5,No
10275,2024-02-04,BMW 530i,Gwangju,38,M,Corporate,1,Yes
10276,2024-12-09,BMW X7,Busan,62,M,Corporate,9,Yes
10277,2024-10-01,BMW 320i,Daegu,44,M,Individual,9,No
10278,2024-04-30,BMW X3,Incheon,71,F,Corporate,8,No
10279,2024-11-12,BMW X3,Gyeonggi,41,F,Individual,1,No
10280,2024-03-29,BMW X7,Incheon,59,M,Individual,9,Yes
10281,2024-03-08,BMW X3,Gyeonggi,26,M,Individual,6,No
10282,2024-05-06,BMW M440i,Ulsan,40,M,Corporate,1,Yes
10283,2024-09-24,BMW 530i,Incheon,70,F,Individual,5,Yes
10284,2024-10-02,BMW X5,Incheon,68,M,Individual,9,No
10285,2024-11-19,BMW 530i,Seoul,58,F,Corporate,1,Yes
10286,2024-12-08,BMW M440i,Gyeonggi,36,F,Corporate,9,No
10287,2024-11-03,BMW X5,Gwangju,64,M,Individual,6,No
10288,2024-06-05,BMW 530i,Daegu,31,F,Corporate,4,No
10289,2024-03-07,BMW X7,Daegu,26,F,Corporate,7,No
10290,2024-03-12,BMW M440i,Gwangju,30,F,Individual,2,No
10291,2024-09-24,BMW X7,Busan,51,F,Individual,10,No
10292,2024-04-02,BMW X5,Seoul,59,F,Corporate,3,No
10293,2024-12-05,BMW i7,Seoul,37,M,Corporate,1,Yes
10294,2024-07-08,BMW i7,Incheon,44,F,Individual,10,No
10295,2024-09-01,BMW 320i,Gyeonggi,66,M,Corporate,9,No
10296,2024-02-06,BMW 320i,Seoul,41,F,Individual,3,No
10297,2024-07-01,BMW 320i,Ulsan,37,F,Individual,3,No
10298,2024-05-06,BMW X7,Daejeon,25,F,Corporate,3,No
10299,2024-04-18,BMW X3,Daejeon,72,M,Individual,10,No
10300,2024-09-06,BMW X5,Gyeonggi,49,M,Corporate,7,No
10301,2024-08-02,BMW 320i,Ulsan,44,F,Corporate,2,No
10302,2024-06-09,BMW M440i,Daegu,42,M,Individual,8,No
10303,2024-08-12,BMW X3,Busan,39,M,Individual,2,No
10304,2024-04-14,BMW 330i,Busan,35,M,Corporate,2,Yes
10305,2024-07-19,BMW 320i,Ulsan,52,M,Corporate,6,Yes
10306,2024-01-02,BMW X5,Gwangju,27,F,Corporate,8,No
10307,2024-09-24,BMW 530i,Incheon,25,M,Individual,10,No
10308,2024-03-02,BMW 320i,Ulsan,55,M,Individual,8,No
10309,2024-10-10,BMW X5,Gwangju,67,F,Corporate,3,Yes
10310,2024-03-13,BMW X5,Gwangju,54,F,Corporate,2,No
10311,2024-07-13,BMW X3,Daegu,39,M,Individual,7,No
10312,2024-02-17,BMW i7,Busan,60,F,Individual,8,No
10313,2024-06-04,BMW X5,Ulsan,28,M,Corporate,1,No
10314,2024-05-27,BMW 530i,Daejeon,34,F,Corporate,3,No
10315,2024-05-05,BMW 530i,Seoul,73,F,Corporate,5,No
10316,2024-06-24,BMW X3,Gyeonggi,36,F,Individual,4,Yes
10317,2024-11-20,BMW X7,Gyeonggi,48,M,Individual,4,Yes
10318,2024-12-28,BMW i7,Incheon,66,M,Corporate,6,No
10319,2024-09-01,BMW X7,Busan,61,F,Individual,5,No
10320,2024-12-22,BMW 530i,Ulsan,30,F,Corporate,9,No
10321,2024-03-17,BMW 530i,Ulsan,41,M,Corporate,6,No
10322,2024-06-13,BMW 320i,Seoul,37,F,Individual,6,Yes
10323,2024-12-08,BMW 530i,Incheon,66,F,Corporate,3,Yes
10324,2024-12-06,BMW X7,Ulsan,68,M,Corporate,7,No
10325,2024-04-01,BMW M440i,Gyeonggi,59,M,Individual,2,No
10326,2024-09-29,BMW 530i,Daegu,42,F,Corporate,9,No
10327,2024-10-01,BMW X5,Ulsan,45,F,Corporate,5,No
10328,2024-06-12,BMW X7,Incheon,51,M,Corporate,6,No
10329,2024-05-19,BMW X7,Daejeon,35,M,Corporate,5,No
10330,2024-01-20,BMW 320i,Gwangju,36,F,Individual,3,No
10331,2024-10-30,BMW X3,Daegu,56,F,Individual,7,No
10332,2024-04-11,BMW 530i,Seoul,48,M,Individual,9,No
10333,2024-06-27,BMW X5,Gwangju,51,F,Corporate,3,No
10334,2024-08-26,BMW X3,Ulsan,69,M,Corporate,9,Yes
10335,2024-12-02,BMW 320i,Seoul,57,F,Corporate,3,No
10336,2024-11-18,BMW 530i,Daejeon,37,M,Corporate,7,Yes
10337,2024-01-22,BMW X5,Gwangju,67,M,Corporate,10,Yes
10338,2024-05-05,BMW X5,Gyeonggi,36,F,Individual,8,No
10339,2024-10-12,BMW 320i,Gwangju,71,M,Individual,2,No
10340,2024-04-22,BMW i7,Ulsan,54,M,Individual,1,No
10341,2024-02-06,BMW 320i,Ulsan,61,M,Corporate,8,No
10342,2024-05-07,BMW 320i,Ulsan,25,F,Individual,2,Yes
10343,2024-01-23,BMW 320i,Busan,70,F,Corporate,4,No
10344,2024-12-23,BMW 530i,Incheon,32,M,Corporate,2,Yes
10345,2024-03-23,BMW 530i,Gwangju,40,F,Corporate,1,No
10346,2024-08-21,BMW X3,Gyeonggi,62,F,Corporate,2,No
10347,2024-07-02,BMW M440i,Ulsan,58,M,Individual,8,Yes
10348,2024-04-29,BMW X7,Ulsan,51,F,Individual,7,No
10349,2024-11-16,BMW 320i,Seoul,54,M,Individual,5,Yes
10350,2024-10-01,BMW 320i,Seoul,46,M,Individual,7,No
10351,2024-03-14,BMW 330i,Daegu,32,F,Corporate,4,No
10352,2024-01-14,BMW 330i,Daegu,70,F,Individual,8,Yes
10353,2024-01-30,BMW M440i,Daegu,37,M,Individual,8,Yes
10354,2024-04-28,BMW M440i,Gwangju,58,F,Corporate,2,No
10355,2024-12-26,BMW X3,Seoul,39,M,Individual,1,No
10356,2024-06-02,BMW 330i,Gyeonggi,46,F,Individual,7,No
10357,2024-09-20,BMW 320i,Gwangju,29,F,Individual,9,No
10358,2024-05-26,BMW 320i,Incheon,58,F,Corporate,4,No
10359,2024-11-02,BMW X5,Incheon,73,F,Corporate,8,No
10360,2024-07-04,BMW M440i,Busan,53,M,Corporate,9,No
10361,2024-06-23,BMW M440i,Daejeon,45,M,Individual,5,No
10362,2024-12-29,BMW 530i,Seoul,28,M,Individual,9,Yes
10363,2024-07-29,BMW X3,Daejeon,66,M,Individual,6,No
10364,2024-01-28,BMW i7,Seoul,59,M,Corporate,2,No
10365,2024-08-14,BMW X3,Seoul,31,M,Individual,2,No
10366,2024-04-09,BMW M440i,Busan,40,M,Individual,6,No
10367,2024-04-09,BMW X5,Ulsan,69,M,Corporate,9,Yes
10368,2024-09-19,BMW X3,Busan,27,F,Corporate,5,No
10369,2024-11-05,BMW X7,Seoul,60,M,Corporate,3,No
10370,2024-02-18,BMW X7,Gwangju,34,M,Corporate,5,No
10371,2024-01-13,BMW X5,Gwangju,48,F,Corporate,1,Yes
10372,2024-05-17,BMW 530i,Seoul,27,M,Corporate,1,No
10373,2024-01-24,BMW X5,Incheon,49,F,Corporate,10,No
10374,2024-12-05,BMW M440i,Daegu,40,M,Individual,8,Yes
10375,2024-10-09,BMW X7,Daejeon,66,M,Individual,9,Yes
10376,2024-05-13,BMW M440i,Gyeonggi,56,M,Individual,1,No
10377,2024-01-07,BMW X3,Seoul,36,F,Corporate,5,No
10378,2024-05-14,BMW X3,Ulsan,33,F,Individual,8,No
10379,2024-08-04,BMW i7,Gyeonggi,69,F,Individual,4,No
10380,2024-06-05,BMW 330i,Busan,52,M,Individual,7,No
10381,2024-01-04,BMW 330i,Gyeonggi,33,M,Individual,8,No
10382,2024-11-26,BMW M440i,Gyeonggi,52,F,Individual,1,Yes
10383,2024-07-17,BMW 330i,Seoul,50,M,Corporate,3,Yes
10384,2024-06-29,BMW i7,Gyeonggi,28,M,Individual,1,No
10385,2024-02-21,BMW X7,Gyeonggi,71,M,Individual,2,No
10386,2024-01-05,BMW X3,Daegu,65,M,Corporate,6,No
10387,2024-08-13,BMW M440i,Gyeonggi,45,F,Individual,6,Yes
10388,2024-03-26,BMW X7,Busan,38,F,Corporate,3,Yes
10389,2024-04-02,BMW i7,Daegu,69,M,Corporate,1,Yes
10390,2024-11-26,BMW X5,Busan,35,M,Corporate,6,Yes
10391,2024-03-08,BMW 530i,Daegu,72,F,Corporate,10,No
10392,2024-11-27,BMW 530i,Daejeon,49,F,Individual,7,Yes
10393,2024-06-02,BMW X7,Daegu,68,M,Individual,2,No
10394,2024-10-25,BMW X5,Gyeonggi,26,F,Individual,8,Yes
10395,2024-01-08,BMW X7,Gyeonggi,60,M,Corporate,1,No
10396,2024-03-21,BMW 530i,Daegu,48,F,Corporate,6,No
10397,2024-03-14,BMW X3,Daejeon,52,F,Corporate,10,No
10398,2024-08-03,BMW 330i,Daegu,64,F,Individual,8,No
10399,2024-10-04,BMW X5,Incheon,53,M,Corporate,10,No
10400,2024-09-04,BMW M440i,Incheon,58,M,Individual,9,No
10401,2024-08-28,BMW 530i,Daegu,44,M,Corporate,3,Yes
10402,2024-12-24,BMW 530i,Busan,38,M,Corporate,4,No
10403,2024-06-29,BMW 530i,Busan,28,M,Corporate,1,Yes
10404,2024-12-30,BMW X3,Daegu,47,F,Individual,9,Yes
10405,2024-07-11,BMW 320i,Gwangju,58,F,Individual,9,No
10406,2024-07-15,BMW i7,Incheon,45,M,Corporate,10,No
10407,2024-04-18,BMW X3,Ulsan,71,M,Individual,10,No
10408,2024-05-11,BMW M440i,Busan,44,M,Corporate,4,Yes
10409,2024-02-10,BMW i7,Incheon,72,M,Corporate,9,No
10410,2024-09-27,BMW 530i,Daejeon,25,M,Individual,8,No
10411,2024-07-07,BMW X3,Busan,53,F,Corporate,10,No
10412,2024-10-16,BMW 320i,Seoul,47,M,Corporate,4,No
10413,2024-03-09,BMW M440i,Gwangju,65,M,Individual,9,Yes
10414,2024-11-21,BMW X5,Seoul,34,F,Individual,7,No
10415,2024-11-12,BMW X3,Incheon,46,M,Corporate,6,No
10416,2024-08-26,BMW 320i,Daejeon,37,M,Corporate,2,No
10417,2024-12-22,BMW 320i,Gyeonggi,51,M,Corporate,9,No
10418,2024-02-16,BMW X7,Daegu,63,F,Corporate,6,No
10419,2024-05-28,BMW i7,Seoul,40,M,Individual,10,No
10420,2024-06-10,BMW M440i,Gwangju,33,M,Individual,10,No
10421,2024-09-29,BMW X3,Gyeonggi,71,M,Individual,5,No
10422,2024-08-28,BMW 320i,Ulsan,49,M,Corporate,1,No
10423,2024-03-28,BMW 330i,Gyeonggi,39,F,Individual,6,No
10424,2024-06-15,BMW X5,Gwangju,41,F,Individual,9,Yes
10425,2024-05-20,BMW X7,Gwangju,44,F,Individual,3,Yes
10426,2024-02-18,BMW X3,Gyeonggi,71,M,Individual,1,No
10427,2024-09-27,BMW X3,Gyeonggi,56,F,Corporate,2,Yes
10428,2024-02-12,BMW X3,Incheon,64,F,Corporate,1,No
10429,2024-07-07,BMW M440i,Daegu,48,M,Individual,3,No
10430,2024-06-16,BMW 530i,Daejeon,25,M,Individual,6,Yes
10431,2024-08-27,BMW i7,Gwangju,59,M,Corporate,10,No
10432,2024-04-04,BMW X3,Daegu,47,F,Corporate,6,No
10433,2024-11-23,BMW M440i,Gwangju,27,F,Corporate,7,No
10434,2024-07-28,BMW X3,Gyeonggi,32,F,Individual,1,Yes
10435,2024-02-22,BMW 530i,Daejeon,51,F,Individual,6,No
10436,2024-02-26,BMW X3,Gwangju,29,F,Corporate,1,Yes
10437,2024-01-19,BMW X7,Daejeon,26,F,Individual,7,No
10438,2024-05-20,BMW X3,Gwangju,31,M,Individual,7,No
10439,2024-11-05,BMW X5,Gyeonggi,44,M,Corporate,2,No
10440,2024-12-26,BMW 320i,Gyeonggi,50,F,Individual,10,Yes
10441,2024-01-06,BMW 330i,Daejeon,52,F,Individual,5,Yes
10442,2024-08-06,BMW 320i,Daegu,31,M,Individual,10,No
10443,2024-10-17,BMW i7,Busan,48,F,Corporate,6,Yes
10444,2024-10-21,BMW 530i,Daejeon,71,F,Corporate,9,Yes
10445,2024-04-17,BMW 530i,Daegu,59,M,Corporate,5,Yes
10446,2024-11-18,BMW X7,Ulsan,51,F,Individual,1,No
10447,2024-11-21,BMW 320i,Incheon,60,M,Corporate,2,No
10448,2024-03-05,BMW 530i,Busan,49,F,Individual,6,No
10449,2024-09-04,BMW X7,Daegu,58,F,Individual,1,Yes
10450,2024-03-08,BMW M440i,Seoul,33,F,Individual,1,Yes
10451,2024-03-13,BMW X5,Gwangju,66,F,Corporate,6,No
10452,2024-05-24,BMW 330i,Busan,51,F,Corporate,3,No
10453,2024-12-06,BMW M440i,Seoul,52,M,Individual,4,No
10454,2024-03-13,BMW 530i,Busan,43,F,Corporate,1,No
10455,2024-02-10,BMW 330i,Busan,44,M,Corporate,7,Yes
10456,2024-05-30,BMW M440i,Gyeonggi,71,F,Individual,1,Yes
10457,2024-03-09,BMW 530i,Gyeonggi,58,F,Individual,2,No
10458,2024-11-09,BMW 320i,Incheon,40,F,Corporate,7,No
10459,2024-02-07,BMW M440i,Incheon,60,M,Individual,8,Yes
10460,2024-12-23,BMW 320i,Ulsan,51,F,Corporate,3,No
10461,2024-07-27,BMW 320i,Daejeon,30,M,Individual,7,Yes
10462,2024-10-10,BMW 320i,Gwangju,61,M,Corporate,8,No
10463,2024-09-14,BMW X5,Busan,67,M,Corporate,6,No
10464,2024-04-23,BMW X3,Incheon,61,M,Corporate,2,No
10465,2024-05-29,BMW i7,Incheon,37,F,Corporate,7,Yes
10466,2024-11-05,BMW i7,Daegu,52,M,Individual,7,No
10467,2024-08-29,BMW 320i,Seoul,62,F,Individual,5,No
10468,2024-12-13,BMW X5,Busan,31,M,Individual,4,No
10469,2024-03-09,BMW 320i,Daegu,36,F,Individual,8,No
10470,2024-06-01,BMW X5,Daejeon,48,M,Individual,7,Yes
10471,2024-02-24,BMW i7,Daejeon,60,F,Corporate,1,No
10472,2024-10-21,BMW i7,Seoul,73,M,Individual,9,Yes
10473,2024-04-18,BMW 530i,Ulsan,46,M,Corporate,5,No
10474,2024-03-16,BMW M440i,Gyeonggi,27,F,Individual,6,Yes
10475,2024-08-26,BMW X5,Ulsan,37,F,Corporate,4,Yes
10476,2024-02-14,BMW 320i,Ulsan,64,M,Corporate,5,No
10477,2024-01-18,BMW X7,Gwangju,57,F,Individual,10,No
10478,2024-05-01,BMW 330i,Ulsan,60,F,Individual,10,No
10479,2024-07-24,BMW M440i,Ulsan,71,F,Individual,3,No
10480,2024-05-31,BMW i7,Incheon,33,M,Individual,1,No
10481,2024-11-25,BMW i7,Ulsan,66,M,Individual,2,No
10482,2024-05-20,BMW X7,Seoul,58,M,Corporate,1,No
10483,2024-11-12,BMW X5,Ulsan,48,F,Individual,7,Yes
10484,2024-10-08,BMW 320i,Incheon,31,F,Individual,7,No
10485,2024-08-28,BMW X7,Seoul,67,M,Individual,3,No
10486,2024-04-26,BMW 530i,Gyeonggi,50,F,Corporate,9,No
10487,2024-03-13,BMW i7,Gyeonggi,25,M,Individual,6,No
10488,2024-12-29,BMW 530i,Gwangju,65,M,Corporate,3,No
10489,2024-09-27,BMW 530i,Incheon,70,F,Individual,8,Yes
10490,2024-02-17,BMW 330i,Gyeonggi,32,F,Corporate,9,No
10491,2024-11-30,BMW X3,Daegu,73,M,Corporate,2,No
10492,2024-11-30,BMW X3,Gyeonggi,53,M,Corporate,3,Yes
10493,2024-06-30,BMW X7,Gyeonggi,64,M,Individual,4,No
10494,2024-11-26,BMW 330i,Ulsan,67,F,Individual,2,No
10495,2024-02-18,BMW 320i,Daegu,55,F,Corporate,8,No
10496,2024-05-15,BMW 320i,Busan,61,F,Individual,7,No
10497,2024-07-27,BMW 530i,Daejeon,43,F,Corporate,7,No
10498,2024-08-07,BMW X7,Daejeon,41,F,Individual,3,No
10499,2024-12-11,BMW X3,Busan,61,M,Corporate,10,No
10500,2024-09-25,BMW 530i,Gwangju,40,F,Corporate,9,Yes
10501,2024-04-03,BMW X7,Daegu,34,F,Individual,1,No
10502,2024-06-26,BMW X3,Incheon,50,M,Corporate,1,Yes
10503,2024-10-20,BMW 320i,Ulsan,27,F,Individual,1,No
10504,2024-06-04,BMW X5,Busan,70,M,Individual,4,No
10505,2024-03-14,BMW M440i,Daejeon,39,M,Corporate,7,No
10506,2024-12-05,BMW 330i,Daejeon,44,F,Individual,8,Yes
10507,2024-03-03,BMW X7,Gwangju,45,F,Individual,5,No
10508,2024-10-28,BMW 330i,Gyeonggi,30,M,Corporate,8,No
10509,2024-04-13,BMW X5,Gwangju,42,F,Corporate,1,No
10510,2024-09-12,BMW X7,Gyeonggi,51,F,Corporate,10,Yes
10511,2024-12-12,BMW 530i,Ulsan,39,F,Individual,1,No
10512,2024-07-05,BMW X5,Incheon,35,F,Individual,5,Yes
10513,2024-06-14,BMW M440i,Gwangju,48,F,Individual,4,Yes
10514,2024-07-25,BMW i7,Incheon,59,M,Corporate,5,No
10515,2024-05-17,BMW 530i,Seoul,28,M,Individual,3,No
10516,2024-03-14,BMW X5,Incheon,49,F,Corporate,3,No
10517,2024-05-18,BMW X7,Busan,52,M,Individual,5,No
10518,2024-09-24,BMW 330i,Daegu,73,F,Corporate,6,No
10519,2024-07-21,BMW i7,Incheon,42,M,Individual,6,No
10520,2024-03-15,BMW X5,Daegu,29,M,Individual,9,No
10521,2024-12-04,BMW 320i,Gyeonggi,31,F,Individual,8,No
10522,2024-08-01,BMW 330i,Ulsan,41,M,Corporate,2,Yes
10523,2024-04-21,BMW 320i,Ulsan,67,M,Corporate,8,No
10524,2024-08-09,BMW X7,Incheon,52,F,Corporate,2,No
10525,2024-08-17,BMW 330i,Daegu,50,M,Corporate,8,No
10526,2024-05-27,BMW i7,Daejeon,64,F,Corporate,1,No
10527,2024-04-25,BMW M440i,Gyeonggi,70,F,Individual,7,No
10528,2024-08-26,BMW i7,Gyeonggi,51,M,Individual,8,No
10529,2024-03-13,BMW 530i,Incheon,44,M,Corporate,1,No
10530,2024-04-28,BMW 320i,Gyeonggi,39,M,Individual,4,No
10531,2024-11-04,BMW M440i,Daegu,73,M,Corporate,10,No
10532,2024-01-11,BMW 330i,Busan,31,F,Corporate,2,No
10533,2024-02-19,BMW X7,Gyeonggi,34,F,Corporate,5,No
10534,2024-10-19,BMW X7,Seoul,64,F,Corporate,8,Yes
10535,2024-04-19,BMW i7,Gyeonggi,53,F,Corporate,10,Yes
10536,2024-02-18,BMW X3,Daejeon,37,F,Corporate,5,Yes
10537,2024-01-04,BMW M440i,Busan,62,M,Corporate,8,Yes
10538,2024-05-09,BMW M440i,Ulsan,35,F,Corporate,5,No
10539,2024-09-22,BMW i7,Gyeonggi,70,F,Individual,7,Yes
10540,2024-09-03,BMW M440i,Ulsan,66,M,Individual,10,Yes
10541,2024-08-13,BMW 320i,Gwangju,37,M,Corporate,2,No
10542,2024-04-15,BMW M440i,Ulsan,63,M,Individual,9,No
10543,2024-08-05,BMW 530i,Daejeon,42,M,Corporate,9,No
10544,2024-02-07,BMW 530i,Daegu,31,M,Individual,2,Yes
10545,2024-10-21,BMW X3,Incheon,49,F,Corporate,8,Yes
10546,2024-12-02,BMW 320i,Daejeon,30,M,Individual,9,No
10547,2024-09-26,BMW M440i,Gwangju,28,F,Individual,8,No
10548,2024-06-08,BMW 530i,Gwangju,62,F,Corporate,5,Yes
10549,2024-05-10,BMW X5,Gwangju,58,F,Corporate,6,No
10550,2024-03-12,BMW X7,Seoul,30,F,Corporate,3,No
10551,2024-09-12,BMW 530i,Daegu,73,M,Individual,5,Yes
10552,2024-12-10,BMW M440i,Seoul,55,F,Individual,10,No
10553,2024-01-13,BMW X5,Ulsan,66,F,Individual,4,No
10554,2024-12-02,BMW X7,Daegu,57,M,Individual,1,Yes
10555,2024-11-23,BMW 330i,Incheon,69,M,Corporate,8,Yes
10556,2024-04-20,BMW 530i,Daejeon,63,M,Individual,9,No
10557,2024-01-02,BMW X7,Busan,41,F,Individual,2,No
10558,2024-04-03,BMW 330i,Daejeon,67,M,Corporate,5,Yes
10559,2024-12-02,BMW i7,Incheon,39,M,Corporate,10,No
10560,2024-02-22,BMW M440i,Gyeonggi,54,M,Individual,4,No
10561,2024-01-01,BMW X3,Incheon,35,F,Corporate,9,No
10562,2024-05-19,BMW 320i,Daejeon,38,M,Individual,8,Yes
10563,2024-07-08,BMW X3,Seoul,67,F,Corporate,3,No
10564,2024-06-19,BMW M440i,Seoul,57,F,Corporate,5,No
10565,2024-02-25,BMW X7,Gwangju,74,F,Individual,3,No
10566,2024-08-20,BMW 320i,Incheon,35,F,Individual,5,No
10567,2024-03-03,BMW i7,Incheon,63,F,Individual,1,No
10568,2024-07-02,BMW X7,Daegu,26,F,Individual,5,No
10569,2024-03-08,BMW X7,Busan,73,M,Corporate,10,No
10570,2024-02-27,BMW i7,Seoul,65,F,Individual,3,No
10571,2024-12-20,BMW X7,Gyeonggi,52,M,Corporate,2,No
10572,2024-04-06,BMW M440i,Daegu,32,F,Corporate,2,No
10573,2024-05-16,BMW M440i,Gyeonggi,36,M,Corporate,7,No
10574,2024-01-25,BMW M440i,Busan,27,F,Corporate,6,No
10575,2024-10-08,BMW X3,Gyeonggi,64,F,Individual,3,Yes
10576,2024-07-13,BMW 330i,Incheon,40,M,Individual,3,Yes
10577,2024-06-29,BMW X3,Busan,71,F,Individual,2,No
10578,2024-05-11,BMW M440i,Gyeonggi,72,M,Corporate,9,No
10579,2024-05-28,BMW 320i,Daegu,73,F,Corporate,5,No
10580,2024-10-20,BMW X5,Ulsan,70,F,Individual,9,Yes
10581,2024-03-10,BMW 320i,Incheon,72,F,Individual,7,No
10582,2024-01-18,BMW X5,Daegu,59,F,Corporate,7,No
10583,2024-02-09,BMW 330i,Busan,49,F,Individual,8,No
10584,2024-03-01,BMW i7,Daejeon,69,M,Individual,5,Yes
10585,2024-08-24,BMW X7,Daejeon,29,M,Individual,2,No
10586,2024-07-06,BMW 530i,Gwangju,35,F,Corporate,7,Yes
10587,2024-08-07,BMW 330i,Gwangju,33,M,Individual,10,No
10588,2024-06-10,BMW M440i,Ulsan,49,F,Individual,7,Yes
10589,2024-04-10,BMW M440i,Seoul,25,M,Individual,10,No
10590,2024-11-30,BMW 320i,Gwangju,62,M,Individual,8,Yes
10591,2024-09-29,BMW 320i,Gwangju,50,M,Individual,6,No
10592,2024-03-18,BMW X5,Gwangju,59,F,Corporate,8,No
10593,2024-11-05,BMW X5,Incheon,37,M,Individual,5,Yes
10594,2024-02-29,BMW X7,Daejeon,46,F,Individual,7,No
10595,2024-01-26,BMW M440i,Daejeon,50,F,Corporate,6,No
10596,2024-08-29,BMW 330i,Daegu,41,M,Corporate,7,No
10597,2024-01-19,BMW M440i,Incheon,71,F,Individual,1,No
10598,2024-04-09,BMW 530i,Gyeonggi,72,F,Corporate,8,No
10599,2024-05-24,BMW M440i,Incheon,74,M,Individual,4,No
10600,2024-11-09,BMW i7,Gwangju,61,F,Individual,4,No
10601,2024-07-26,BMW X3,Gyeonggi,28,M,Corporate,2,No
10602,2024-09-02,BMW i7,Gyeonggi,39,M,Individual,9,No
10603,2024-09-20,BMW M440i,Gyeonggi,68,M,Individual,10,No
10604,2024-10-12,BMW 330i,Gwangju,42,F,Individual,5,No
10605,2024-02-29,BMW 330i,Incheon,69,M,Individual,6,No
10606,2024-04-17,BMW X3,Daejeon,47,F,Corporate,10,No
10607,2024-04-05,BMW 320i,Daejeon,34,F,Corporate,8,Yes
10608,2024-11-18,BMW 330i,Incheon,67,M,Corporate,4,No
10609,2024-12-02,BMW 320i,Incheon,29,F,Corporate,8,No
10610,2024-01-22,BMW 320i,Daegu,46,F,Individual,10,Yes
10611,2024-11-11,BMW X3,Ulsan,38,M,Corporate,1,No
10612,2024-11-24,BMW M440i,Busan,43,M,Individual,5,No
10613,2024-09-12,BMW M440i,Gwangju,49,F,Corporate,8,No
10614,2024-01-25,BMW 330i,Gwangju,66,M,Corporate,10,No
10615,2024-05-06,BMW 320i,Seoul,38,M,Corporate,2,Yes
10616,2024-01-11,BMW X5,Daejeon,46,M,Individual,7,Yes
10617,2024-03-04,BMW 330i,Daegu,66,F,Corporate,1,Yes
10618,2024-07-05,BMW 330i,Gyeonggi,30,M,Corporate,10,No
10619,2024-11-28,BMW X3,Ulsan,26,F,Individual,8,No
10620,2024-03-03,BMW i7,Daegu,36,M,Corporate,1,Yes
10621,2024-10-18,BMW X5,Gyeonggi,29,F,Corporate,4,No
10622,2024-12-14,BMW M440i,Daegu,61,F,Individual,10,No
10623,2024-06-28,BMW X3,Daejeon,61,M,Individual,4,No
10624,2024-10-01,BMW X5,Busan,45,F,Individual,7,Yes
10625,2024-05-27,BMW 320i,Gwangju,60,F,Corporate,2,Yes
10626,2024-12-21,BMW X7,Daejeon,43,M,Corporate,6,Yes
10627,2024-01-22,BMW X3,Daegu,71,F,Individual,7,Yes
10628,2024-02-07,BMW X7,Daegu,71,M,Individual,4,No
10629,2024-02-19,BMW 330i,Daejeon,44,M,Corporate,5,Yes
10630,2024-11-19,BMW X5,Daegu,58,M,Corporate,9,Yes
10631,2024-05-14,BMW X3,Incheon,66,F,Individual,3,No
10632,2024-07-07,BMW M440i,Incheon,55,M,Corporate,2,No
10633,2024-05-17,BMW 330i,Busan,48,M,Corporate,7,No
10634,2024-04-16,BMW i7,Seoul,35,M,Individual,4,No
10635,2024-11-01,BMW X3,Ulsan,41,M,Individual,1,No
10636,2024-06-29,BMW 330i,Ulsan,26,F,Corporate,4,Yes
10637,2024-10-22,BMW 330i,Incheon,35,M,Individual,3,No
10638,2024-06-30,BMW 330i,Seoul,40,F,Corporate,6,No
10639,2024-06-14,BMW X3,Seoul,56,M,Corporate,10,Yes
10640,2024-11-28,BMW i7,Seoul,66,M,Individual,6,Yes
10641,2024-01-22,BMW 320i,Daegu,74,M,Individual,9,No
10642,2024-06-08,BMW 330i,Seoul,26,F,Corporate,9,No
10643,2024-07-19,BMW 330i,Gyeonggi,58,F,Corporate,7,No
10644,2024-11-16,BMW 530i,Daegu,60,F,Corporate,2,No
10645,2024-03-18,BMW 330i,Daejeon,39,F,Individual,4,No
10646,2024-10-06,BMW X5,Busan,70,F,Individual,2,Yes
10647,2024-06-10,BMW i7,Busan,36,F,Corporate,6,No
10648,2024-01-22,BMW X7,Ulsan,40,M,Corporate,8,No
10649,2024-06-12,BMW X3,Busan,62,M,Individual,5,No
10650,2024-04-13,BMW 530i,Gwangju,63,M,Corporate,6,No
10651,2024-12-02,BMW X5,Ulsan,38,M,Individual,1,No
10652,2024-02-13,BMW 330i,Daejeon,69,M,Corporate,7,No
10653,2024-07-24,BMW M440i,Incheon,57,M,Individual,3,No
10654,2024-03-23,BMW X7,Gwangju,47,F,Corporate,4,No
10655,2024-07-19,BMW X5,Gwangju,49,M,Corporate,2,No
10656,2024-08-06,BMW 320i,Gyeonggi,25,F,Corporate,7,Yes
10657,2024-02-23,BMW i7,Incheon,53,F,Corporate,3,No
10658,2024-07-11,BMW M440i,Busan,71,M,Individual,2,No
10659,2024-11-21,BMW i7,Daejeon,72,M,Individual,3,No
10660,2024-07-15,BMW 530i,Daegu,36,F,Individual,4,No
10661,2024-09-16,BMW 530i,Gwangju,43,F,Individual,9,Yes
10662,2024-02-21,BMW M440i,Daejeon,69,F,Individual,3,Yes
10663,2024-07-18,BMW 330i,Busan,72,M,Corporate,7,No
10664,2024-05-16,BMW X3,Gyeonggi,43,F,Individual,3,No
10665,2024-09-23,BMW 330i,Busan,51,M,Corporate,2,No
10666,2024-08-17,BMW 320i,Busan,52,M,Individual,8,No
10667,2024-02-21,BMW X7,Ulsan,31,M,Individual,4,Yes
10668,2024-06-02,BMW X7,Gwangju,36,M,Individual,5,No
10669,2024-11-04,BMW i7,Gyeonggi,37,M,Individual,6,No
10670,2024-04-25,BMW X7,Daegu,35,F,Individual,7,No
10671,2024-01-11,BMW X3,Gwangju,65,M,Individual,7,No
10672,2024-08-22,BMW M440i,Seoul,50,M,Corporate,3,Yes
10673,2024-09-26,BMW X7,Incheon,54,F,Individual,3,No
10674,2024-04-02,BMW X5,Ulsan,70,F,Individual,3,Yes
10675,2024-02-16,BMW X5,Gyeonggi,62,F,Individual,9,No
10676,2024-10-04,BMW 320i,Busan,73,M,Corporate,10,Yes
10677,2024-11-01,BMW X7,Incheon,57,M,Corporate,5,No
10678,2024-01-04,BMW 320i,Daegu,67,F,Corporate,4,No
10679,2024-06-26,BMW 320i,Daejeon,59,F,Individual,8,No
10680,2024-08-31,BMW 530i,Incheon,51,F,Corporate,9,No
10681,2024-01-16,BMW 530i,Ulsan,55,F,Individual,1,No
10682,2024-02-08,BMW 320i,Daegu,54,F,Corporate,2,No
10683,2024-08-09,BMW X3,Busan,50,M,Individual,7,No
10684,2024-12-11,BMW M440i,Busan,69,F,Corporate,8,No
10685,2024-01-19,BMW X5,Busan,55,F,Individual,9,No
10686,2024-08-16,BMW X3,Gwangju,54,M,Individual,9,No
10687,2024-11-27,BMW M440i,Daejeon,57,M,Corporate,5,No
10688,2024-06-28,BMW M440i,Daejeon,68,F,Corporate,3,Yes
10689,2024-07-28,BMW X3,Gwangju,61,F,Individual,10,No
10690,2024-07-28,BMW X3,Seoul,58,M,Corporate,6,Yes
10691,2024-05-13,BMW 330i,Seoul,45,M,Individual,7,No
10692,2024-08-07,BMW 530i,Ulsan,73,M,Corporate,6,Yes
10693,2024-08-02,BMW X5,Busan,56,M,Corporate,7,No
10694,2024-05-02,BMW M440i,Incheon,43,F,Corporate,3,Yes
10695,2024-04-20,BMW X7,Daejeon,53,M,Individual,8,Yes
10696,2024-05-01,BMW X3,Ulsan,28,M,Individual,3,Yes
10697,2024-12-08,BMW i7,Daejeon,27,F,Individual,5,Yes
10698,2024-01-15,BMW M440i,Gwangju,58,M,Corporate,8,No
10699,2024-01-01,BMW 330i,Incheon,40,F,Corporate,8,No
10700,2024-11-01,BMW X3,Seoul,41,F,Corporate,9,Yes
10701,2024-10-05,BMW 530i,Gwangju,71,M,Individual,9,Yes
10702,2024-05-20,BMW 530i,Gwangju,52,F,Individual,9,Yes
10703,2024-02-25,BMW 530i,Gyeonggi,71,M,Corporate,4,No
10704,2024-03-08,BMW X7,Seoul,58,F,Individual,10,No
10705,2024-10-06,BMW i7,Ulsan,54,M,Individual,5,Yes
10706,2024-04-27,BMW 330i,Ulsan,42,F,Corporate,7,Yes
10707,2024-06-23,BMW M440i,Daegu,71,M,Corporate,9,No
10708,2024-05-26,BMW 530i,Ulsan,50,F,Corporate,6,No
10709,2024-08-03,BMW 320i,Seoul,67,M,Corporate,7,Yes
10710,2024-10-01,BMW 330i,Daegu,52,F,Corporate,1,No
10711,2024-06-28,BMW X5,Gwangju,73,M,Corporate,3,Yes
10712,2024-06-16,BMW i7,Gwangju,37,F,Individual,6,Yes
10713,2024-01-28,BMW i7,Incheon,69,F,Corporate,7,No
10714,2024-03-25,BMW 330i,Gyeonggi,45,M,Individual,1,No
10715,2024-04-24,BMW i7,Ulsan,67,M,Individual,2,No
10716,2024-08-12,BMW X5,Seoul,63,M,Individual,2,Yes
10717,2024-10-29,BMW i7,Incheon,66,M,Corporate,4,No
10718,2024-12-12,BMW 320i,Daejeon,69,M,Individual,5,No
10719,2024-04-21,BMW X5,Daejeon,73,M,Corporate,5,No
10720,2024-04-01,BMW 320i,Daegu,65,F,Individual,10,Yes
10721,2024-05-13,BMW 530i,Seoul,62,F,Individual,2,No
10722,2024-12-20,BMW 320i,Gyeonggi,43,F,Corporate,1,No
10723,2024-12-09,BMW X5,Incheon,25,F,Individual,1,No
10724,2024-12-10,BMW i7,Busan,53,M,Individual,3,No
10725,2024-06-30,BMW 530i,Seoul,25,F,Individual,1,Yes
10726,2024-08-23,BMW i7,Ulsan,42,F,Individual,6,No
10727,2024-03-10,BMW i7,Seoul,72,M,Individual,10,No
10728,2024-08-31,BMW 330i,Daegu,48,F,Individual,9,No
10729,2024-01-04,BMW M440i,Gyeonggi,33,M,Individual,10,No
10730,2024-09-28,BMW M440i,Incheon,29,M,Individual,4,No
10731,2024-04-20,BMW 330i,Daejeon,37,F,Corporate,10,Yes
10732,2024-04-14,BMW i7,Incheon,72,M,Corporate,9,Yes
10733,2024-09-23,BMW 530i,Daejeon,66,M,Corporate,8,No
10734,2024-02-06,BMW 330i,Daegu,33,F,Individual,2,No
10735,2024-02-29,BMW M440i,Ulsan,64,F,Individual,5,No
10736,2024-07-24,BMW 330i,Incheon,29,M,Individual,9,Yes
10737,2024-10-02,BMW X3,Ulsan,41,M,Corporate,9,No
10738,2024-12-24,BMW X3,Busan,30,M,Corporate,3,No
10739,2024-12-05,BMW i7,Daejeon,43,F,Individual,3,No
10740,2024-11-13,BMW i7,Gyeonggi,48,M,Corporate,9,No
10741,2024-02-04,BMW M440i,Gwangju,73,M,Corporate,4,No
10742,2024-10-31,BMW 320i,Gyeonggi,71,F,Corporate,3,Yes
10743,2024-08-07,BMW i7,Daegu,43,F,Individual,7,No
10744,2024-02-03,BMW X3,Seoul,30,F,Corporate,7,No
10745,2024-05-05,BMW 320i,Ulsan,41,F,Corporate,10,Yes
10746,2024-10-10,BMW 530i,Incheon,62,M,Corporate,3,No
10747,2024-01-21,BMW X7,Gyeonggi,63,F,Individual,8,No
10748,2024-04-21,BMW i7,Gwangju,31,M,Individual,1,No
10749,2024-07-18,BMW i7,Gwangju,28,M,Individual,3,Yes
10750,2024-04-13,BMW M440i,Incheon,25,M,Corporate,6,Yes
10751,2024-03-27,BMW 320i,Incheon,35,F,Individual,1,Yes
10752,2024-06-13,BMW 320i,Incheon,41,M,Corporate,5,No
10753,2024-01-03,BMW X3,Ulsan,59,F,Corporate,1,No
10754,2024-04-25,BMW M440i,Busan,74,F,Corporate,2,Yes
10755,2024-03-10,BMW 530i,Ulsan,74,F,Individual,8,No
10756,2024-07-08,BMW M440i,Daejeon,65,F,Corporate,8,No
10757,2024-09-12,BMW X7,Daegu,73,M,Individual,2,No
10758,2024-08-23,BMW X7,Seoul,53,F,Corporate,6,No
10759,2024-07-10,BMW X5,Seoul,62,F,Corporate,6,No
10760,2024-12-22,BMW X7,Seoul,54,M,Corporate,5,No
10761,2024-01-22,BMW 530i,Daejeon,40,F,Corporate,1,Yes
10762,2024-12-01,BMW 330i,Ulsan,26,F,Individual,7,No
10763,2024-03-21,BMW M440i,Seoul,29,M,Corporate,3,Yes
10764,2024-07-19,BMW X5,Busan,26,M,Individual,4,No
10765,2024-08-01,BMW X7,Busan,53,F,Individual,1,No
10766,2024-04-06,BMW 320i,Gyeonggi,28,F,Individual,2,Yes
10767,2024-02-28,BMW i7,Seoul,52,F,Individual,7,Yes
10768,2024-03-10,BMW X7,Gyeonggi,58,M,Corporate,10,Yes
10769,2024-04-22,BMW X5,Gyeonggi,42,F,Individual,1,No
10770,2024-10-21,BMW X5,Busan,41,M,Corporate,7,No
10771,2024-10-12,BMW 330i,Busan,28,M,Individual,8,No
10772,2024-09-19,BMW i7,Gwangju,46,F,Individual,4,No
10773,2024-02-21,BMW 330i,Incheon,53,M,Corporate,9,Yes
10774,2024-11-27,BMW 330i,Incheon,30,F,Corporate,8,Yes
10775,2024-11-23,BMW 320i,Gwangju,73,M,Corporate,7,Yes
10776,2024-11-14,BMW 320i,Ulsan,59,F,Corporate,6,No
10777,2024-05-05,BMW X5,Incheon,65,F,Corporate,1,No
10778,2024-04-21,BMW 330i,Ulsan,41,F,Corporate,7,Yes
10779,2024-04-19,BMW i7,Gwangju,27,F,Individual,3,No
10780,2024-10-17,BMW 330i,Daejeon,25,F,Individual,6,Yes
10781,2024-06-27,BMW 320i,Incheon,45,M,Corporate,6,Yes
10782,2024-12-01,BMW X3,Seoul,60,F,Corporate,1,No
10783,2024-01-23,BMW M440i,Daegu,31,F,Individual,2,No
10784,2024-07-24,BMW X7,Gyeonggi,31,F,Individual,2,Yes
10785,2024-05-04,BMW 320i,Daejeon,36,F,Corporate,9,No
10786,2024-08-26,BMW X5,Busan,30,M,Corporate,6,No
10787,2024-10-05,BMW M440i,Busan,37,M,Individual,10,No
10788,2024-02-05,BMW X5,Ulsan,51,M,Individual,2,No
10789,2024-04-06,BMW i7,Ulsan,62,M,Corporate,10,No
10790,2024-03-07,BMW M440i,Daejeon,58,M,Individual,9,No
10791,2024-01-03,BMW 330i,Gyeonggi,55,F,Individual,7,No
10792,2024-03-01,BMW X7,Daegu,56,F,Individual,10,Yes
10793,2024-08-13,BMW X7,Daegu,45,F,Corporate,1,No
10794,2024-04-24,BMW M440i,Ulsan,66,M,Corporate,8,No
10795,2024-02-01,BMW M440i,Gwangju,51,F,Individual,2,No
10796,2024-05-06,BMW X3,Busan,31,M,Individual,9,No
10797,2024-10-04,BMW i7,Ulsan,50,M,Individual,10,No
10798,2024-06-24,BMW 530i,Daejeon,62,M,Individual,8,Yes
10799,2024-04-29,BMW 320i,Seoul,48,M,Individual,2,No
10800,2024-11-13,BMW i7,Seoul,28,M,Individual,5,No
10801,2024-04-03,BMW i7,Busan,35,M,Individual,2,No
10802,2024-05-31,BMW 330i,Daejeon,41,F,Corporate,4,No
10803,2024-03-22,BMW 320i,Seoul,38,M,Individual,4,No
10804,2024-02-16,BMW 530i,Daegu,33,M,Individual,5,No
10805,2024-12-11,BMW X3,Busan,49,F,Corporate,1,No
10806,2024-06-29,BMW 530i,Busan,57,F,Individual,1,Yes
10807,2024-03-16,BMW 320i,Gyeonggi,27,M,Individual,7,No
10808,2024-07-18,BMW X3,Daegu,31,F,Corporate,4,No
10809,2024-07-07,BMW X7,Gwangju,25,M,Individual,10,Yes
10810,2024-05-23,BMW 330i,Gyeonggi,53,M,Corporate,6,No
10811,2024-12-01,BMW M440i,Seoul,38,M,Corporate,10,No
10812,2024-06-09,BMW 330i,Seoul,69,F,Individual,3,No
10813,2024-09-09,BMW 330i,Incheon,26,F,Corporate,1,No
10814,2024-02-13,BMW 320i,Daejeon,38,F,Corporate,2,No
10815,2024-05-28,BMW X3,Gyeonggi,60,F,Corporate,10,No
10816,2024-03-19,BMW X5,Ulsan,41,F,Corporate,2,Yes
10817,2024-07-05,BMW X7,Incheon,36,F,Corporate,4,No
10818,2024-12-04,BMW 330i,Daegu,70,F,Individual,4,Yes
10819,2024-01-12,BMW X3,Incheon,54,M,Individual,8,No
10820,2024-02-17,BMW 530i,Gwangju,44,M,Individual,5,No
10821,2024-03-09,BMW 530i,Ulsan,27,F,Individual,7,No
10822,2024-01-09,BMW M440i,Incheon,53,F,Individual,10,Yes
10823,2024-05-28,BMW 320i,Incheon,62,F,Corporate,8,No
10824,2024-04-28,BMW X7,Ulsan,38,F,Corporate,6,No
10825,2024-08-25,BMW 330i,Seoul,34,F,Individual,1,No
10826,2024-08-10,BMW 530i,Seoul,36,M,Corporate,10,Yes
10827,2024-04-15,BMW X5,Gwangju,28,F,Individual,3,No
10828,2024-03-21,BMW 330i,Busan,30,F,Individual,3,No
10829,2024-05-19,BMW 320i,Busan,32,F,Individual,5,No
10830,2024-07-30,BMW i7,Gyeonggi,60,M,Corporate,6,No
10831,2024-12-07,BMW X5,Daegu,74,F,Individual,4,No
10832,2024-05-14,BMW 320i,Seoul,50,F,Corporate,6,No
10833,2024-03-26,BMW X3,Busan,30,M,Individual,2,Yes
10834,2024-02-20,BMW 330i,Gyeonggi,32,M,Corporate,6,No
10835,2024-02-08,BMW i7,Seoul,42,F,Corporate,9,No
10836,2024-10-30,BMW 330i,Incheon,34,F,Individual,4,No
10837,2024-08-21,BMW 330i,Seoul,35,M,Corporate,9,Yes
10838,2024-12-08,BMW X5,Ulsan,31,F,Individual,5,Yes
10839,2024-06-23,BMW 320i,Daejeon,58,F,Individual,3,No
10840,2024-09-02,BMW 330i,Gwangju,48,F,Individual,5,Yes
10841,2024-06-25,BMW 530i,Busan,50,F,Individual,8,No
10842,2024-02-11,BMW 530i,Busan,61,F,Individual,10,No
10843,2024-11-05,BMW i7,Seoul,36,F,Corporate,5,Yes
10844,2024-01-18,BMW 320i,Gyeonggi,29,F,Corporate,6,Yes
10845,2024-10-11,BMW 530i,Busan,64,M,Corporate,10,No
10846,2024-04-17,BMW X3,Busan,37,M,Corporate,2,Yes
10847,2024-10-08,BMW 330i,Gyeonggi,36,F,Individual,8,No
10848,2024-11-24,BMW i7,Ulsan,61,M,Individual,10,No
10849,2024-06-17,BMW X5,Gwangju,74,M,Corporate,8,No
10850,2024-02-09,BMW X3,Gyeonggi,59,M,Individual,4,No
10851,2024-03-05,BMW X3,Incheon,68,F,Individual,5,No
10852,2024-12-06,BMW i7,Daejeon,69,M,Individual,7,Yes
10853,2024-05-30,BMW 530i,Gyeonggi,54,M,Individual,4,No
10854,2024-06-07,BMW X5,Busan,49,F,Corporate,10,No
10855,2024-12-18,BMW X3,Seoul,36,M,Corporate,4,No
10856,2024-11-07,BMW 530i,Daejeon,58,F,Corporate,7,No
10857,2024-02-27,BMW X7,Incheon,66,F,Corporate,5,No
10858,2024-02-25,BMW 320i,Gyeonggi,61,F,Individual,10,Yes
10859,2024-05-22,BMW X7,Ulsan,29,M,Individual,6,Yes
10860,2024-01-04,BMW M440i,Busan,40,F,Corporate,9,No
10861,2024-04-07,BMW X3,Daejeon,27,M,Individual,5,Yes
10862,2024-03-03,BMW 320i,Ulsan,58,M,Corporate,4,No
10863,2024-09-11,BMW X5,Busan,39,F,Corporate,4,Yes
10864,2024-08-21,BMW 320i,Ulsan,56,F,Individual,8,No
10865,2024-06-18,BMW X7,Ulsan,50,M,Corporate,6,No
10866,2024-05-11,BMW 320i,Incheon,33,F,Individual,7,Yes
10867,2024-08-19,BMW M440i,Gwangju,55,M,Individual,8,No
10868,2024-10-25,BMW 330i,Ulsan,48,M,Corporate,10,No
10869,2024-01-27,BMW X3,Gyeonggi,54,F,Corporate,4,No
10870,2024-12-07,BMW 330i,Seoul,74,M,Corporate,1,Yes
10871,2024-11-07,BMW X3,Ulsan,68,M,Corporate,7,Yes
10872,2024-03-24,BMW M440i,Ulsan,52,F,Individual,5,Yes
10873,2024-02-06,BMW X5,Incheon,54,M,Corporate,4,Yes
10874,2024-11-03,BMW 530i,Daejeon,68,M,Individual,5,No
10875,2024-02-03,BMW 330i,Daejeon,34,F,Corporate,9,Yes
10876,2024-01-10,BMW X7,Incheon,45,F,Individual,1,Yes
10877,2024-03-25,BMW X7,Daejeon,73,M,Individual,5,Yes
10878,2024-03-02,BMW M440i,Daegu,64,F,Individual,3,No
10879,2024-06-09,BMW X5,Gwangju,57,F,Individual,1,No
10880,2024-04-17,BMW 330i,Ulsan,30,M,Individual,7,No
10881,2024-01-21,BMW X3,Ulsan,40,F,Corporate,7,Yes
10882,2024-06-30,BMW 320i,Daegu,29,F,Individual,2,No
10883,2024-02-26,BMW X5,Incheon,57,M,Individual,3,No
10884,2024-08-14,BMW 320i,Gyeonggi,27,M,Individual,6,Yes
10885,2024-06-20,BMW X5,Busan,45,F,Individual,7,No
10886,2024-03-27,BMW 320i,Seoul,26,M,Individual,8,Yes
10887,2024-07-09,BMW 330i,Busan,44,M,Individual,2,No
10888,2024-04-09,BMW 530i,Seoul,29,M,Corporate,5,No
10889,2024-03-21,BMW M440i,Daegu,64,M,Corporate,6,Yes
10890,2024-06-06,BMW X3,Daegu,48,M,Individual,4,No
10891,2024-01-14,BMW X5,Busan,66,M,Individual,2,No
10892,2024-12-09,BMW 530i,Incheon,47,M,Individual,9,No
10893,2024-07-06,BMW X5,Incheon,46,M,Individual,4,Yes
10894,2024-04-18,BMW 320i,Busan,71,M,Individual,7,No
10895,2024-05-25,BMW i7,Gwangju,56,M,Corporate,2,No
10896,2024-03-22,BMW X3,Gyeonggi,55,F,Corporate,7,No
10897,2024-02-07,BMW 530i,Ulsan,33,M,Individual,8,No
10898,2024-02-04,BMW 330i,Daejeon,38,F,Corporate,4,No
10899,2024-07-22,BMW 330i,Incheon,38,F,Individual,7,Yes
10900,2024-06-14,BMW M440i,Daegu,39,F,Individual,1,No
10901,2024-12-16,BMW X3,Busan,29,F,Corporate,10,No
10902,2024-12-24,BMW 330i,Busan,34,M,Corporate,10,No
10903,2024-11-22,BMW X7,Seoul,55,M,Corporate,7,No
10904,2024-06-10,BMW X7,Busan,62,M,Corporate,3,Yes
10905,2024-02-13,BMW M440i,Gwangju,30,F,Individual,2,No
10906,2024-01-03,BMW X7,Gwangju,34,M,Individual,1,No
10907,2024-11-17,BMW X3,Busan,63,F,Individual,4,Yes
10908,2024-11-20,BMW i7,Busan,33,M,Individual,3,Yes
10909,2024-01-04,BMW i7,Incheon,59,M,Corporate,9,No
10910,2024-06-24,BMW X7,Incheon,55,F,Corporate,9,No
10911,2024-11-19,BMW X7,Gwangju,37,M,Corporate,1,Yes
10912,2024-08-28,BMW 530i,Seoul,65,F,Individual,4,Yes
10913,2024-12-13,BMW 530i,Incheon,50,F,Individual,7,No
10914,2024-08-03,BMW X5,Daegu,63,M,Individual,9,Yes
10915,2024-09-24,BMW X5,Gyeonggi,34,M,Individual,8,No
10916,2024-05-07,BMW X5,Incheon,27,F,Individual,10,No
10917,2024-11-22,BMW X5,Gyeonggi,34,F,Corporate,2,No
10918,2024-01-31,BMW 530i,Daejeon,31,M,Corporate,6,Yes
10919,2024-01-20,BMW 320i,Busan,74,F,Individual,7,Yes
10920,2024-02-14,BMW 530i,Gwangju,47,M,Corporate,6,No
10921,2024-08-01,BMW X3,Seoul,39,F,Individual,8,No
10922,2024-02-21,BMW 320i,Gwangju,74,M,Individual,7,No
10923,2024-10-19,BMW X7,Incheon,55,F,Corporate,10,No
10924,2024-10-26,BMW 330i,Ulsan,57,F,Corporate,6,Yes
10925,2024-06-04,BMW 330i,Gwangju,37,M,Corporate,5,No
10926,2024-06-29,BMW M440i,Daejeon,44,F,Individual,10,No
10927,2024-05-07,BMW M440i,Busan,71,M,Individual,6,No
10928,2024-08-13,BMW X5,Ulsan,56,F,Corporate,3,No
10929,2024-12-14,BMW X7,Daejeon,63,F,Corporate,3,No
10930,2024-01-29,BMW X3,Incheon,57,F,Corporate,1,No
10931,2024-08-10,BMW X7,Gwangju,26,M,Corporate,2,No
10932,2024-04-08,BMW 530i,Ulsan,52,M,Individual,9,No
10933,2024-03-24,BMW 530i,Ulsan,26,F,Corporate,10,Yes
10934,2024-09-14,BMW 330i,Daegu,62,M,Individual,10,Yes
10935,2024-06-12,BMW X7,Daejeon,73,M,Corporate,1,No
10936,2024-08-05,BMW X5,Daejeon,69,F,Corporate,10,No
10937,2024-09-10,BMW M440i,Incheon,40,M,Corporate,5,Yes
10938,2024-02-16,BMW M440i,Daejeon,40,M,Individual,5,No
10939,2024-06-03,BMW X7,Busan,62,F,Individual,8,Yes
10940,2024-04-26,BMW M440i,Gyeonggi,62,M,Corporate,3,No
10941,2024-12-06,BMW i7,Gyeonggi,44,F,Corporate,2,No
10942,2024-09-21,BMW M440i,Gwangju,50,F,Individual,6,Yes
10943,2024-03-24,BMW X5,Gwangju,61,F,Individual,7,No
10944,2024-04-02,BMW i7,Gwangju,52,F,Corporate,5,No
10945,2024-03-13,BMW 320i,Ulsan,51,F,Individual,10,No
10946,2024-10-31,BMW 530i,Daegu,52,F,Individual,5,No
10947,2024-02-11,BMW X3,Seoul,51,F,Corporate,2,No
10948,2024-05-08,BMW M440i,Busan,66,F,Individual,6,No
10949,2024-01-06,BMW X5,Busan,30,M,Corporate,10,No
10950,2024-03-27,BMW 330i,Daegu,46,M,Corporate,7,No
10951,2024-07-30,BMW 320i,Seoul,41,M,Individual,5,Yes
10952,2024-04-14,BMW M440i,Incheon,70,M,Individual,8,Yes
10953,2024-10-27,BMW 330i,Daejeon,25,F,Individual,10,No
10954,2024-01-28,BMW X3,Gyeonggi,64,F,Individual,1,Yes
10955,2024-07-25,BMW i7,Ulsan,58,M,Individual,10,No
10956,2024-10-25,BMW X5,Incheon,37,F,Individual,2,No
10957,2024-10-23,BMW 330i,Busan,47,M,Individual,7,No
10958,2024-01-07,BMW 320i,Busan,57,M,Corporate,2,No
10959,2024-05-11,BMW X3,Busan,60,F,Corporate,1,No
10960,2024-02-04,BMW i7,Gwangju,60,M,Individual,9,No
10961,2024-03-23,BMW 320i,Daejeon,46,F,Individual,4,No
10962,2024-12-21,BMW X3,Daegu,60,F,Individual,2,No
10963,2024-06-17,BMW 330i,Gwangju,26,M,Corporate,7,Yes
10964,2024-10-11,BMW X7,Busan,45,M,Corporate,3,No
10965,2024-02-18,BMW X5,Busan,72,F,Corporate,1,No
10966,2024-12-24,BMW 330i,Ulsan,44,F,Individual,9,No
10967,2024-08-16,BMW 330i,Gyeonggi,28,F,Individual,7,Yes
10968,2024-01-12,BMW 530i,Daejeon,41,F,Corporate,10,No
10969,2024-03-09,BMW X5,Busan,33,M,Individual,4,Yes
10970,2024-01-09,BMW X7,Seoul,53,M,Corporate,9,Yes
10971,2024-04-29,BMW 330i,Daejeon,39,M,Corporate,2,No
10972,2024-06-20,BMW M440i,Gyeonggi,35,F,Individual,3,No
10973,2024-12-27,BMW i7,Gwangju,69,F,Corporate,10,Yes
10974,2024-02-27,BMW i7,Seoul,62,M,Corporate,7,No
10975,2024-04-01,BMW X3,Daejeon,32,F,Corporate,5,Yes
10976,2024-02-14,BMW 320i,Busan,56,M,Corporate,3,Yes
10977,2024-07-22,BMW X5,Incheon,50,M,Individual,9,No
10978,2024-03-02,BMW 530i,Gwangju,28,M,Individual,7,No
10979,2024-11-06,BMW M440i,Seoul,26,M,Corporate,9,No
10980,2024-01-31,BMW X3,Ulsan,26,F,Corporate,5,No
10981,2024-10-26,BMW 330i,Gyeonggi,67,M,Individual,2,No
10982,2024-03-11,BMW M440i,Gwangju,27,M,Individual,10,No
10983,2024-02-22,BMW X7,Incheon,73,F,Corporate,1,No
10984,2024-01-11,BMW M440i,Busan,50,F,Individual,4,Yes
10985,2024-02-15,BMW X3,Gwangju,54,F,Individual,8,No
10986,2024-11-24,BMW 530i,Daegu,64,M,Individual,5,No
10987,2024-11-23,BMW 530i,Ulsan,51,F,Corporate,10,No
10988,2024-03-23,BMW i7,Busan,66,M,Individual,9,Yes
10989,2024-08-16,BMW 530i,Seoul,71,F,Individual,7,No
10990,2024-01-12,BMW i7,Daejeon,66,F,Individual,5,No
10991,2024-05-12,BMW X7,Ulsan,37,F,Individual,7,Yes
10992,2024-01-18,BMW 330i,Daejeon,54,F,Corporate,7,No
10993,2024-06-24,BMW 320i,Seoul,62,F,Individual,6,No
10994,2024-06-14,BMW 330i,Gyeonggi,42,M,Individual,8,No
10995,2024-09-29,BMW M440i,Gwangju,53,F,Corporate,6,No
10996,2024-01-26,BMW M440i,Daegu,59,F,Corporate,3,Yes
10997,2024-04-13,BMW 330i,Seoul,37,M,Individual,10,No
10998,2024-09-07,BMW 320i,Ulsan,26,M,Individual,2,No
10999,2024-02-03,BMW 530i,Gwangju,27,M,Corporate,8,No
11000,2024-09-03,BMW i7,Gyeonggi,73,M,Individual,2,No
